{
  "pos" : {
    "x" : 20.0,
    "y" : 20.0,
    "z" : 20.0
  },
  "up" : {
    "x" : 0.0,
    "y" : 1.0,
    "z" : 0.0
  },
  "dir" : {
    "x" : -0.57735026,
    "y" : -0.57735026,
    "z" : -0.57735026
  },
  "fov" : 40.0,
  "width" : 1000,
  "height" : 1000
}