{
  "pos" : {
    "x" : 278.0,
    "y" : 273.0,
    "z" : -800.0
  },
  "up" : {
    "x" : 0.0,
    "y" : 1.0,
    "z" : 0.0
  },
  "dir" : {
    "x" : 0.027481027,
    "y" : -0.02498275,
    "z" : 0.9993101
  },
  "fov" : 40.0,
  "width" : 1000,
  "height" : 1000
}